hostname,ip
abcd01,1.1.1.1
abcd01,1.1.1.1
abcd02,1.1.1.1
abcd03,1.1.1.1
abcd04,1.1.1.1
abcd05,1.1.1.1
abcd06,1.1.1.1
abcd07,1.1.1.1
abcd08,1.1.1.1
abcd09,1.1.1.1
abcd010,1.1.1.1
abcd011,1.1.1.1
abcd012,1.1.1.1
abcd013,1.1.1.1
abcd014,1.1.1.1
abcd015,1.1.1.1
abcd016,1.1.1.1
abcd017,1.1.1.1
abcd018,1.1.1.1
abcd019,1.1.1.1
abcd020,1.1.1.1
abcd021,1.1.1.1
abcd022,1.1.1.1
abcd023,1.1.1.1
abcd024,1.1.1.1
abcd025,1.1.1.1
abcd026,1.1.1.1
abcd027,1.1.1.1
abcd028,1.1.1.1

abdd01,1.1.1.1
abed01,1.1.1.1
abfd02,1.1.1.1
abgd03,1.1.1.1
abhd04,1.1.1.1
abid05,1.1.1.1
abjd06,1.1.1.1
abkd07,1.1.1.1
abld08,1.1.1.1
abmd09,1.1.1.1
abnd010,1.1.1.1
abod011,1.1.1.1
abpd012,1.1.1.1
abqd013,1.1.1.1
abrd014,1.1.1.1
absd015,1.1.1.1
abtd016,1.1.1.1
abud017,1.1.1.1
abvd018,1.1.1.1
abwd019,1.1.1.1
abxd020,1.1.1.1
abyd021,1.1.1.1
abzd022,1.1.1.1
abzd023,1.1.1.1
abzd024,1.1.1.1
abzd025,1.1.1.1
abzd026,1.1.1.1
abzd027,1.1.1.1
abzd028,1.1.1.1
acdd01,1.1.1.1
aded01,1.1.1.1
aefd02,1.1.1.1
afgd03,1.1.1.1
aghd04,1.1.1.1
ahid05,1.1.1.1
aijd06,1.1.1.1
ajkd07,1.1.1.1
akld08,1.1.1.1
almd09,1.1.1.1
amnd010,1.1.1.1
anod011,1.1.1.1
aopd012,1.1.1.1
apqd013,1.1.1.1
aqrd014,1.1.1.1
arsd015,1.1.1.1
astd016,1.1.1.1
atud017,1.1.1.1
auvd018,1.1.1.1
avwd019,1.1.1.1
awxd020,1.1.1.1
axyd021,1.1.1.1
ayzd022,1.1.1.1
azzd023,1.1.1.1
azzd024,1.1.1.1
azzd025,1.1.1.1
azzd026,1.1.1.1
azzd027,1.1.1.1
azzd028,1.1.1.1
bcdd01,1.1.1.1
cded01,1.1.1.1
defd02,1.1.1.1
efgd03,1.1.1.1
fghd04,1.1.1.1
ghid05,1.1.1.1
hijd06,1.1.1.1
ijkd07,1.1.1.1
jkld08,1.1.1.1
klmd09,1.1.1.1
lmnd010,1.1.1.1
mnod011,1.1.1.1
nopd012,1.1.1.1
opqd013,1.1.1.1
pqrd014,1.1.1.1
qrsd015,1.1.1.1
rstd016,1.1.1.1
stud017,1.1.1.1
tuvd018,1.1.1.1
uvwd019,1.1.1.1
vwxd020,1.1.1.1
wxyd021,1.1.1.1
xyzd022,1.1.1.1
yzzd023,1.1.1.1
zzzd024,1.1.1.1
zzzd025,1.1.1.1
zzzd026,1.1.1.1
zzzd027,1.1.1.1
zzzd028,1.1.1.1
